Durak Adı,İlçe
BAHÇEŞEHİR MİGROS TAKSİ DURAAĞI,Başakşehir
ÇİÇEK TAKSİ,Esenyurt
AVCILAR 3 TAKSİ DURAĞI,Avcılar
AVCILAR(6) ISPARTAKULE TAKSI,Avcılar
AVCILAR 1 TAKSİ DURAĞI,Avcılar
KÜÇÜKÇEKMECE MEYDAN YONCA TAKSİ DURAĞI,Küçükçekmece
BASINKÖY TAKSİ DURAĞI,Bakırköy
OLYMPİA TAKSİ DURAĞI,Küçükçekmece
FLORYA TURİZM TAKSİ,Bakırköy
METRO (FİKRET KARABAĞ) TAKSİ DURAĞI,Bakırköy
ATAKENT 2.3 ETAP TAKSI,Küçükçekmece
KONUT TAKSİ,Küçükçekmece
FLORYA FLYİNN TAKSİ DURAĞI,Bakırköy
İSPARK - PENDİK İDO İSKELE ÖNÜ,Pendik
HİLAL TAKSİ DURAĞI,Pendik
YENİDOĞAN MERKEZ TAKSİ DURAĞI,Sancaktepe
HASANPAŞA TAKSİ DURAĞI,Sultanbeyli
SSK TAKSİ DURAĞI,Pendik
EYÜP TAŞOCAĞI TAKSİ,Eyüpsultan
SÜTLÜCE KÜLTÜR TAKSI-1,Beyoğlu
İSPARK - KAĞITHANE ALİBEYKÖY SİLAHTARAĞA BİLGİ ÜNİVERSİTESİ YANI,Eyüpsultan
İSKENDERPAŞA TAKSİ,Fatih
İSPARK HORHOR - FATİH,Fatih
İSPARK YENİ KAPI İDO TAKSİ DURAĞI,Fatih
İSPARK YENİKAPI İDO,Fatih
İSPARK - FATİH BEYAZIT MEYDANI,Fatih
OKMEYDANI MERKEZ TAKSİ DURAĞI,Şişli
KAĞITHANE TERASEVLER TAKSİ DURAĞI,Kağıthane
İSPARK EMİNÖNÜ İETT DURAKLARI,Fatih
KAĞITHANE MERKEZ TAKSİ DURAĞI,Kağıthane
SULTANAHMET İMRAN ÖKTEM SOKAK UMUMA AÇIK TAKSİ DURAĞI,Fatih
ANTHILL Y.E. TAKSİ DURAĞI (GÜL ESKİ ADI),Şişli
REŞADİYE CADDESİ EMİNÖNÜ İDO İSKELESİ ÖNÜ UATD,Fatih
GÜRSEL MERKEZ TAKSİ,Kağıthane
BABIALİ TAKSİ,Fatih
EMİNÖNÜ SAHİL TAKSİ DURAĞI,Fatih
İSPARK - FATİH TCDD SİRKECİ GAR ÖNÜ,Fatih
İSPARK SULTANAHMET DALBASTI SOKAK UMUMA AÇIK TAKSİ DURAĞI,Fatih
BEYOĞLU ATIF YILMAZ CAD.,Beyoğlu
SULTANAHMET İSHAKPAŞA CADDESİ UATD TALEBİ,Fatih
TÜRKİYE HASTANESİ TAKSİ DURAĞI,Şişli
YEREBATAN TAKSİ,Fatih
GALATAPORT TAKSİ DURAĞI,Beyoğlu
S.S.BÜYÜKŞEHİR TAKSİ DURAĞI,Beylikdüzü
METROPOL TAKSİ,Güngören
İSPARK BARBAROS CAD TAKSİ,Beykoz
VADİ TAKSİ,Başakşehir
OLİVİUM OUTLET CENTER TAKSİ,Zeytinburnu
VADİ TAKSİ DURAĞI,Sarıyer
İSPARK - KADIKÖY İDO İSKELESİ HALDUN TANER SAHNESİ ÖNÜ,Kadıköy
İSPARK ZEYNEP KAMİL,Üsküdar
İSPARK MERTER METRO,Güngören
KOCATEPE METRO TAKSİ DURAĞI,Bayrampaşa
FORUM İSTANBUL TAKSİ DURAĞI,Bayrampaşa
YEŞİLTEPE TAKSİ DURAĞI,Zeytinburnu
İSPARK - ZEYTİNBURNU 58. BULVAR DEPO DURAĞI,Zeytinburnu
ALTIN TAKSİ DURAĞI,Bayrampaşa
BAYRAMPAŞA MERKEZ STAD TAKSİ DURAĞI,Bayrampaşa
TERCÜMAN TAKSİ,Zeytinburnu
KEMERTÜRK TAKSI,Eyüpsultan
BAĞLARBAŞI TAKSİ DURAĞI,Gaziosmanpaşa
DURAK TAKSİ,Eyüpsultan
EYÜP METRO TAKSİ,Eyüpsultan
RAMİ MEYDAN ERAY TAKSİ DURAĞI,Eyüpsultan
HUZUR TAKSİ DURAĞI,Eyüpsultan
KULE TAKSİ DURAĞI,Fatih
ŞEHREMİNNİ TAKSİ DURAĞI,Fatih
PAZARİÇİ ÇEŞMETAKSİ DURAĞI,Gaziosmanpaşa
EYÜP BULVAR TAKSİİ DURAĞI,Eyüpsultan
FINDIKZADE TELE TAKSİ,Fatih
PENDİK DEVLET HASTANESİ  TAKSİ DURAĞI,Pendik
MARMARA ÜNV.EĞT.VE ARAŞ.HAST YENİ2,Pendik
KARTALTEPE MAH ATATÜRK BULVARI UMUMA AÇIK TAKSİ DURAĞI,Kartal
TOPSELVİ MERKEZ TAKSİ,Kartal
GÜLLÜBAĞLAR,Pendik
ESENTEPE TAKSİ,Kartal
KARTAL METRO DURAĞI,Kartal
SS.124 NOLU DÖRTYOL TAKSİ DURAĞI,Kartal
CEVİZLİ TAKSİ DURAĞI,Kartal
ÇEBİ TAKSİ,Kartal
DRAGOS TAKSİ,Maltepe
ADLİYE-HASTANE METRO DURAĞI-2,Kartal
DURU TAKSİ DURAĞI,Kartal
İSPARK Gülsuyu Metro Durağı,Maltepe
MALTEPE SAHİL TAKSİ,Maltepe
SÜREYYA TAKSİ DURAĞI,Maltepe
GÜVEN TAKSİ DURAĞI,Kartal
BOSTANCI İDO UMUMA AÇIK TAKSİ DURAĞI,Kadıköy
BOSTANCİ MEYDAN TAKSİ,Kadıköy
ALO TAKSİ DURAĞI,Kadıköy
HİZMET TAKSİ,Sancaktepe
BOSTANCI METRO DURAĞI-4,Kadıköy
KOCAYOL TAKSİ,Kadıköy
BOSTANCI METRO DURAĞI-1,Kadıköy
ALTUNİZADE ÜSKÜDAR,Üsküdar
FENER YOLU CADDESİ UMUMA AÇIK TAKSİ DURAĞI,Kadıköy
POYRAZ SOKAK UMUMA AÇIK TAKSİ DURAĞI,Kadıköy
"KALAMIŞ MARİNA TAKSİ DURAĞI""",Kadıköy
KALAMIŞ OKUL TAKSİ DURAĞI,Kadıköy
GÜNAYDIN TAKSİ DURAĞI,Beşiktaş
DEMİRCİKÖY MARTI TAKSİ DURAĞI-2-,Sarıyer
VALİDEBAĞ TAKSİ DURAĞI,Üsküdar
İSPARK - ÜSKÜDAR BEYLERBEYİ METROBÜS DURAĞI YANI,Üsküdar
BOĞAZİÇİ TAKSİ DURAĞI,Beşiktaş
SARIYER KİREÇBURNU TAKSİ DURAĞI,Sarıyer
BORSA TAKSİ DURAĞI,Sarıyer
ÜSKÜDAR BADEM TAKSİ,Üsküdar
FENER YOLU TAKSİ DURAĞI,Kadıköy
EMİRGAN TAKSİ DURAĞI,Sarıyer
BALTA LİMANI TAKSİ DURAĞI,Sarıyer
MARTI DURAĞI YONCA EVLERİ 1,Sarıyer
NET TAKSİ DURAĞI,Üsküdar
KÜPLÜCE TAKSİ DURAĞI,Üsküdar
TEPEGÖZ SOKAK,Kadıköy
İSPARK UZUNÇAYIR,Kadıköy
GÖZTEPE HİZMET TAKSİ,Kadıköy
İSPARK - SARIYER İSTİNYE İDO ÖNÜ,Sarıyer
ÇAMLICA TURİZM TAKSİ DURAĞI,Üsküdar
OPERATÖR CEMİL TOPUZLU CADDESİ UMUMA AÇIK TAKSİ DURAĞI TALEBİ,Kadıköy
TANZİMAT TAKSİ DURAĞI,Kadıköy
SANTRAL TAKSİ DURAĞI-1,Kadıköy
EMRE AYDIN MESA TAKSİ DURAĞI,Üsküdar
SOYAK TAKSİ DURAĞI,Üsküdar
BULVAR TAKSİ DURAĞI,Üsküdar
GÖZTEPE MEDİKAL PARK TELSİZ TAKSİ DURAĞI,Kadıköy
AS TAKSİ DURAĞI,Kadıköy
FETİH(ATAŞEHİR) TELSİZ TAKSİ DURAĞI,Ataşehir
SUADİYE MERKEZ TAKSİ DURAĞI,Kadıköy
ÖZLEM TUR TAKSİ,Kadıköy
ÇAYIR TAKSİ DURAĞI,Üsküdar
ÜSKÜDAR FIRIN SK TAKSİ DURAĞI,Üsküdar
OPTİMUM AVM ÖNÜ,Ataşehir
KAZASKER TAKSİ DURAĞI (ÖZEN TAKSİ),Kadıköy
İSPARK SUİŞ,Ümraniye
ÇAMLICA BEREKET TAKSİ DURAĞI,Ümraniye
MEDİCAL PARK TAKSİ DURAĞI,Kadıköy
İSPARK BEYKOZ,Beykoz
BOSTANCI İDO,Kadıköy
İSPAK - KADIKÖY BOSTANCI İDO VE ADALAR İSKELESİ ÖNÜ,Kadıköy
NİHAT TARLAN TAKSİ DURAĞI,Kadıköy
MY WORD AĞAOĞLU TAKSİ,Ataşehir
BATI ATAŞEHİR MERKEZ TAKSİ DURAĞI,Ataşehir
ATAŞEHİR ŞİRİN TAKSİ DURAĞI,Ataşehir
ATAŞEHİR GREEN PARK OTELİ,Ataşehir
İÇERENKÖY MERKEZ TAKSİ,Ataşehir
SOYAK YENİ ŞEHİR TAKSİ,Ümraniye
FINDIKLI MERKEZ TAKSİ DURAĞI,Ataşehir
İSPARK ATAŞEHİR,Ataşehir
İSPARK - MALTEPE İDO İSKELESİ,Maltepe
MARMARA TIP FAKÜLTESİ TAKSİ DURAĞI,Maltepe
ATAŞEHİR SİTE TAKSİ DURAĞI,Ataşehir
ATALAR TAKSİ DURAĞI,Kartal
PALMİYE TAKSİ DURAĞI,Kartal
AĞAOĞLU ELTES GÜNEŞİ TAKSİ DURAĞI,Ümraniye
İSPARK KARTAL HÜRRİYET CAD.,Kartal
İSPARK KARTAL İDO,Kartal
KARTAL ÇAVUŞOĞLU TAKSİ DURAĞI,Kartal
SEKMEN TAKSİ DURAĞI,Kartal
SEKMEN TAKSİ DURAĞI,Kartal
KARTAL KURFALI TAKSİ DURAĞI,Kartal
GÜLDESTE CADDESİ UMUMA AÇIK TAKSİ DURAĞI,Pendik
PENDİK BİRLİK TAKSİ DURAĞI,Pendik
İSPARK - PENDİK MARİNA AVM ÖNÜ,Pendik
PENDİK MERKEZ TAKSİ DURAĞI,Pendik
PENDİK DENİZ TAKSİ DURAĞI,Pendik
GAR TAKSİ,Tuzla
PENDİK KÖYÜ KIZILYERLER TAKSİ DURAĞI,Pendik
PENDİK DİVAN TAKSİ DURAĞI,Pendik
SİTE TAKSİ,Esenyurt
ALTINYILDIZ TAKSİ DURAĞI,Esenyurt
MİGROS TAKSİ,Beylikdüzü
ADAKENT TAKSİ DURAĞI,Esenyurt
MARMARA LİMAN TAKSİ,Beylikdüzü
Teşvikiye Merkez Taksi,Beşiktaş
BAŞAK TAKSİ,Kağıthane
İdare Taksi-3,Kağıthane
NEF TAKSİ,Kağıthane
ARNAVUTKÖY MERKEZ TAKSİ,Arnavutköy
ARNAVUTKÖY HADIMKÖY MERKEZ TAKSİ,Arnavutköy
ASTORİA  TAKSİ DURAĞI,Şişli
ATAŞEHİR MERKEZ TAKSİ,Ataşehir
FERHATPAŞA MERKEZ TAKSİ,Ataşehir
HAS TAKSİ,Ataşehir
İÇERENKÖY CARREFOR AVM TAKSİ,Ataşehir
SOYAK SİTE TAKSİ,Ataşehir
TRENDİST TAKSİ,Ataşehir
Kirazlı Merkez Taksi,Bağcılar
212 TAKSİ,Bağcılar
217.SOKAK NO:1 T.ÖZAL BULVARI,Çekmeköy
YILDIZ TAKSİ,Beşiktaş
GÜVEN TAKSİ -2-,Şişli
AİLE TAKSİ,Beşiktaş
ÇEVİK TAKSİ,Beşiktaş
UMUMA AÇIK,Küçükçekmece
Fulya Mehmetçik Taksi,Şişli
ULUS VADİ TAKSİ,Beşiktaş
MİDDİLİST TAKSİ DURAĞI,Şişli
Özbal Taksi,Şişli
RASATHANE TAKSİ DURAĞI,Üsküdar
ESENTEPE DEDEMAN BEŞİKTAŞ TAKSİ,Beşiktaş
ŞİŞLİ KAPTANPAŞA DARULACEZE YOLU,Şişli
Mecidiyeköy Yolu Caddesi(trump kuleleri avm önü),Şişli
DİLAN TAKSİ-1,Şişli
İstoç Taksi,Bağcılar
SİLİVRİ OTOGAR TAKSİ DURAĞI,Silivri
DEPOSİTE(AVM) TAKSİ DURAĞI,Başakşehir
KÜÇÜKKÖY ÖZ TAKSİ KOOP,Gaziosmanpaşa
Nurtepe Taksi-1,Kağıthane
GAZİOSMANPAŞA DEVLET HASTANESİ TAKSİ,Gaziosmanpaşa
ÖZEL EMSEY HASTANESİ ÖNÜ UMUMA AÇIK TAKSİ DURAĞI,Pendik
BUYAKA TAKSİ DURAĞI,Ümraniye
SAHİL TAKSİ-1,Büyükçekmece
MAT CENTER,Bağcılar
HÜR TAKSİ,Bağcılar
TARABYA TAKSİ,Sarıyer
FLORA TAKSİ,Ataşehir
CEVİZLİ TAKSİ,Kartal
ÇAĞLAYAN TAKSİ,Kağıthane
KERVANCILAR TAKSİ,Ataşehir
AVCILAR MARMARA TAKSİ DURAĞI,Avcılar
CEVİZLİ İSTASYON,Kartal
ÇİNİLİ TAKSİ,Üsküdar
İSPARK CEVİZLİBAĞ,Zeytinburnu
KUBİLAY TAKSİ,Kağıthane
FENER KALAMIŞ YOLU TAKSİ,Kadıköy
Denizköşkler Taksi,Avcılar
ATABİRLİK TAKSİ,Bakırköy
Kayışdağı Caddesi Umuma Açık,Ataşehir
İSPARK KOZYATAĞI METRO-HALYOLU,Ataşehir
İSPARK  KAYIŞDAĞI CAD. BAĞLARİÇİ OTOBÜS DURAĞI ALTI,Ataşehir
SAHRA BİRLİK TAKSİ,Kadıköy
SAMANDIRA MERKEZ TAKSI,Sancaktepe
AVCILAR GOL TAKSİİ DURAĞI,Avcılar
İHLAS İKİ KENT TAKSİ,Beylikdüzü
PALLADİUM AVM ÖNÜ,Ataşehir
BAKIRKÖY BİRLİK TAKSİ,Bakırköy
YENİSAHRA METRO DURAĞI,Kadıköy
BATMAN SOKAK BUHU BABA UMUMA AÇIK TAKSİ DURAĞI,Kadıköy
Denizatı Kent Taksi Durağı,Zeytinburnu
ZİVERBEY TAKSİ,Kadıköy
Atrium Taksi,Bakırköy
DEPO TAKSİ,Zeytinburnu
GÖZTEPE KAVŞAĞI(GÖZTEPE NİDA KULE KARŞISI) İŞ MERKEZİ KARŞISI,Kadıköy
RIHTIM METRO TAKSİ,Kadıköy
İSPARK RIHTIM CADDESİ TAKSİ,Kadıköy
OSMANİYE TAKSİ DURAĞI,Bakırköy
İSPARK DUMLUPINAR,Bahçelievler
OSMANİYE MERKEZ TAKSİ DURAĞI,Bakırköy
TURUNCU TAKSİ,Bahçelievler
Göztepe Metro Durağı,Üsküdar
ESMAN TAKSİ,Ataşehir
ADIGÜZEL SİTELER TAKSİ,Ataşehir
Balıklı Rum Hastane Taksi,Zeytinburnu
KADİR HAS ÇOCUK DÜNYASI TAKSİ,Bahçelievler
BAKIRKÖY METRO DURAĞI,Bakırköy
ŞERİFALİ CAN TAKSİ,Ümraniye
Ünalan Metro Durağı,Üsküdar
Samatya SGK Hastane - 1,Fatih
İSPARK BURHAN FELEK CAD. TAKSİ,Üsküdar
İstanbul EvleriTaksi 1,Bahçelievler
TORYUM AVM TAKSİ,Esenyurt
ALİ DEDE CAD.MEDİPOL HASTANESİ YANI,Kadıköy
Çiçek Taksi,Bahçelievler
Yenikapı Taksi,Fatih
YEŞİLKENT TAKSİ DURAĞI,Beylikdüzü
Aksaray Taksi,Fatih
Sefaköy Merkez Taksi - 2,Küçükçekmece
MERKEZ EVLERİ,Zeytinburnu
STAR CİTY TAKSİ,Bahçelievler
KAYA TAKSİ,Kadıköy
HİLTON TAKSİ,Kadıköy
EVRENTUR,Kadıköy
ALP TAKSİ,Kadıköy
HURRY IN TURİZM OTEL TAKSİ,Güngören
ÜSKÜDAR ÇAYIR TAKSİ DURAĞI,Üsküdar
BİRLİK TAKSİ,Üsküdar
Maya Residans,Beşiktaş
İSTANBUL ADALET SARAYI TAKSİ,Kağıthane
AKATLAR TAKSİ,Beşiktaş
Kanyon Taksi - 1,Şişli
Çınar Taksi,Beşiktaş
POLLCENTER TAKSİ DURAĞI,Şişli
ÇAMLIK CADDESİ İSPARK,Beşiktaş
UYGUN TAKSİ,Beşiktaş
KAĞITHANE EMNİYET TAKSİ DURAĞI,Kağıthane
MEVLANA TAKSİ DURAĞI,Gaziosmanpaşa
İSPARK 4. LEVENT METRO ÇIKIŞI,Kağıthane
BİZİM TAKSİ,Beykoz
2.ULUS MERKEZ TAKSİ,Beşiktaş
Konak Taksi,Beşiktaş
SEYRANTEPE EMNİYET TAKSİ DURAĞI,Kağıthane
CEBECİ MERKEZ TAKSİ,Sultangazi
HASTANE ACİL TAKSİ-1 (DOĞUŞ OTO),Sarıyer
MASHATTAN TAKSİ-1,Sarıyer
İSPARK SAİP MOLLA CAD. TAKSİ DURAĞI,Beykoz
KÜÇÜKEV TAKSİ,Sarıyer
ŞİRKET TAKSİ,Sarıyer
ACIBADEM ÇAMLIK TAKSİ,Sarıyer
Göktürk Merkez Taksi-3,Eyüpsultan
KOÇ TAKSİ,Zeytinburnu
Tepebaşı Taksi - 1,Beyoğlu
Pera Taksi,Beyoğlu
ZİNCİRLİKUYU THE GREEN TAKSİ,Şişli
Karaköy Yolcu Salonu Turizm Taksi,Beyoğlu
LİV TAKSİ,Beşiktaş
GÜVEN TAKSİ,Bağcılar
GÜNEŞLİ MERKEZ TAKSİ,Bağcılar
BEYKENT TAKSİ (2),Büyükçekmece
BEYKOZ UFUK TAKSİ DURAĞI,Beykoz
İSPARK - FATİH VATAN MİGROS ÖNÜ,Fatih
EYÜP DEVLET HASTANESİ-1,Eyüpsultan
EVREN TAKSİ DURAĞI,Bağcılar
KÖKNAR TAKSİ DURAĞI(GÖZDE TAKSİ),Bahçelievler
TURİZM TAKSİ DURAĞI,Bakırköy
AIRPORT TAKSİ DURAĞI,Bakırköy
ÇINAR TAKSİ DURAĞI,Bakırköy
İNTERNATİONAL HOSPİTAL TAKSİ,Bakırköy
YENİBOSNA KAVŞAĞI YAN YOL BAKIRKÖY İSTİKAMETİ UMUMA AÇIK TAKSİ DURAĞI,Bakırköy
YEŞİLYURT TAKSİ DURAĞI,Bakırköy
ATAMERKEZ MERKEZ TAKSİ(BAKIRKÖY),Bakırköy
MEGA TAKSI,Bağcılar
BAHÇELIEVLER DEVLET HASTANESI -1,Bahçelievler
SANCAKTEPE EĞT UYG. OKULU YANI UATD,Bağcılar
ATAKÖY TURİZM TAKSİ,Bakırköy
İLGİ / 24 TAKSİ DURAĞ,Güngören
BAKIRKÖY DEVLET HASTANESİ TAKSİ DURAĞI,Bakırköy
BAĞCILAR DEVLET HASTANESİ TAKSİ DURAĞI,Bağcılar
CAPACİTY TAKSİ,Bakırköy
İSTANBUL EVLERİ TAKSİ DURAĞI,Bahçelievler
İSPARK - BAKIRKÖY İSTANBUL CADDESİ,Bakırköy
ESENLER KAZIM KARABEKİR OTOBÜS DURAĞI MEVKİİ TAKSİ (ESENLER ÇEVRE TAKSİ),Esenler
SEÇKİNLER TAKSİ,Sultangazi
İSPARK BAKIRKÖY IDO,Bakırköy
OSMANİYE BAKIRKÖY ÖZEL TAKSİ DURAĞI(YAŞAR YILDIZ),Bakırköy
MARMARA FORM TAKSİ,Bakırköy
GÜNGÖREN ÖZMEN TELSİZ TAKSİ DURAĞI,Güngören
İSPARK GÜNGÖREN,Güngören
İSPARK - ÇIRPICI METRO İSTASYONU UMUMA AÇIK TAKSİ DURAĞI,Bakırköy
YILDIRIM PARK TAKSİ DURAĞI,Bayrampaşa
FULYA TAKSİ,Şişli
AYAZAĞA GÜVEN TAKSİ DURAĞI,Sarıyer
CİHAN TAKSİ DURAĞI,Beşiktaş
BEŞİKTAŞ SARAY TAKSİ DURAĞI,Beşiktaş
SAPPHİRETAKSİ,Kağıthane
MANOLYA TAKSİ,Beşiktaş
FANTASTİC TAKSİ DURAĞI,Şişli
BARBOROS TAKSİ DURAĞI,Beşiktaş
İSPARK - BEŞİKTAŞ İSKELE CFADDESİ,Beşiktaş
İSPARK - BEŞİKTAŞ DARPHANE,Beşiktaş
İSPARK İSKELE,Beşiktaş
BEŞİKTAŞ CONRAD ÖNÜ TAKSİ DURAĞI,Beşiktaş
ÇINAR SOKAK UMUMA AÇIK TAKSİ DURAK YERİ,Beşiktaş
YENI LEVENT OYAK TAKSI DURAĞı,Beşiktaş
ÜSKÜDAR HAREM İDO İSKELE ÖNÜ,Üsküdar
POL TAKSİ DURAĞI,Şişli
KÖŞK TAKSİ IHLAMUR,Beşiktaş
ÖNER TAKSİ DURAĞI,Beşiktaş
İSPARK BEŞİKTAŞ LEVENT ÇARŞI CADDESİ,Beşiktaş
İSPARK - ÜSKÜDAR İSKELE ÖNÜ,Üsküdar
AKASYA TAKSİ DURAĞI,Sarıyer
LEVENT TAKSİ (BEŞİKTAŞ),Beşiktaş
LEVAZIM SİTESİ TAKSİ,Beşiktaş
3.LEVENT SEVGİ TAKSİ DURAĞI,Beşiktaş
BALON TESİSİ YANI UMUMA AÇIK TAKSİ DURAĞI,Kadıköy
BEŞİKTAŞ BASIN TAKSİ DURAĞI,Beşiktaş
HAYDARPAŞA TAKSİ DURAĞI,Kadıköy
MAYADROM TAKSİ DURAĞI,Beşiktaş
İSPARK RIHTIM 2,Kadıköy
İSPARK - BEYOĞLU SIRASELVİLER CADDESİ,Beyoğlu
İSPARK - BEYOĞLU CİHANGİR KATLI OTOPARK ÖNÜ,Beyoğlu
İSPARK-BEYOĞLU,Beyoğlu
METE CADDESİ UMUMA AÇIK TAKSİ DURAĞI,Beyoğlu
İSPARK ŞİŞLİ,Şişli
GRAND HAYATT TAKSİ,Şişli
MECLİSİ MEBUSAN CADDESİ UMUMA AÇIK TAKSİ DURAĞI,Beyoğlu
KABATAŞ İDO İSKELESİ UMUMA AÇIK TAKSİ DURAĞI,Beyoğlu
İSPARK DOLMABAHÇE,Şişli
İSPARK KABATAŞ İDO,Beyoğlu
KABATAŞ İDO İSKELESİ 2 UMUMA AÇIK TAKSİ DURAĞI,Beyoğlu
İSPARK MAÇKA,Şişli
SEYRANTEPE MERKEZ TAKSİ DURAĞI,Kağıthane
AVRUPA TAKSİ DURAĞI,Şişli
İSPARK - ŞİŞLİ MECİDİYEKÖY ORTAKLAR CADDESİ,Şişli
SİLİVRİ E 5 TAKSİ DURAĞI,Silivri
KONUT TAKSİ DURAĞI,Silivri
SELİMPAŞA MERKEZ TAKSİ,Silivri
SELİMPAŞA DURAK TAKSİ,Silivri
CELALİYE MEYDAN TAKSİ,Büyükçekmece
SILIVRI MARIN PRENSES TAKSI,Büyükçekmece
BÜYÜKÇEKMECE MERKEZ TAKSİ DURAĞI,Büyükçekmece
ALBATROS TAKSİ DURAĞI,Büyükçekmece
GÜRPINAR MERKEZ TAKSİ DURAĞI,Beylikdüzü
KIRAÇ MERKEZ TAKSİ DURAĞI,Esenyurt
TUZLA İÇMELER MERKEZ TAKSİ DURAĞI,Tuzla
SAHİL TAKSİ DURAĞI,Tuzla
TUZLA İSTASYON TAKSİ,Tuzla
AYDINLI KÖYÜ TAKSİ DURAĞI,Tuzla
ŞİFA TAKSİ DURAĞI,Tuzla
Haznedar,Bahçelievler
ÖZ ORTAKÖY TAKSİ,Beşiktaş
İSPARK SÖĞÜTLÜÇEŞME,Kadıköy
ÇAVUŞOĞLU TAKSİ DURAĞI,Beşiktaş
2.ULUS TURİZM TAKSİ DURAĞI(BEŞİKTAŞ TURİZM)),Beşiktaş
HACIOSMAN TAKSİ DURAĞI,Sarıyer
UMUT TAKSİ DURAĞI,Beşiktaş
TARABYA BAYIRI UMUMA AÇIK TAKSİ DURAĞI,Sarıyer
FISTIKAĞACI TAKSİ DURAĞI,Üsküdar
ÖZ ULUS TAKSİ II.,Beşiktaş
1. ULUS TAKSİ DURAĞI,Beşiktaş
KUŞDİLİ CADDESİ UMUMA AÇIK TAKSİ DURAĞI,Kadıköy
SARIYER GAZETECİLER SİTESİ TAKSİ DURAĞI,Sarıyer
ALKENT TAKSİ,Beşiktaş
ULUS PARK TAKSİ DURAĞI,Beşiktaş
MEGA TAKSİ,Sarıyer
KOŞU YOLU BARBOROS TAKSİ DURAĞI,Kadıköy
İSPARK SÖĞÜTLÜ ÇEŞME METROBÜS,Kadıköy
DOĞAN TAKSİ DURAĞI,Beşiktaş
GAR TAKSİ DURAĞI YENİ-2,Pendik
ACIBADEM YILDIZ TAKSİ,Üsküdar
ACIBADEM UMUMA AÇIK TAKSİ DURAĞI,Üsküdar
CUMHURİYET TAKSİ DURAĞI,Esenyurt
İSPARK Ragıp Gümüşpala Caddesi,Fatih
İSPARK - EMİNÖNÜ  PERONLAR UMUMA AÇIK TAKSİ DURAĞI,Fatih
BEYLİKDÜZÜ İSTANBUL EVLERİ SİTESİ TAKSİ DURAĞI,Esenyurt
İSPARK NUH KUYUSU CAD.(ASLI BÖREK ÖNÜ),Üsküdar
KAYA RAMADA OTEL TAKSİ,Büyükçekmece
İSPARK ALEMDAĞ ÜMRANİYE AVM ÖNÜ,Ümraniye
Gardenya,Bağcılar
İSPARK SU-İŞ CAD.TAKSİ,Ümraniye
HİLAL TAKSİ,Fatih
GÜNEŞTEPE TAKSİ DURAĞI,Güngören
CİHANGİR TAKSİ DURAĞI,Beyoğlu
KARDİYUM TAŞDELEN TAKSİ,Çekmeköy
Akyol Taksi,Beyoğlu
KUZGUNCUK TAKSİ,Üsküdar
AÇELYA TAKSİ,Küçükçekmece
Aynalıkavak Taksi,Beyoğlu
BEŞİKTAŞ BARBAROS BULVARI,Beşiktaş
MİSS TAKSİ,Küçükçekmece
NİŞANTAŞI ÜNİVERSİTESİ SADABAD KAMPÜSÜ (HASBAHÇE PLUS) TAKSİ,Kağıthane
SOĞANLIK MERKEZ TAKSİ,Kartal
ÇIRAĞAN TAKSİ 2,Beşiktaş
ŞEHZADEBAŞI TAKSİ,Fatih
AK TAKSİ,Esenyurt
ASLANTEPE TAKSİ,Sarıyer
KARTAL BİRLİK TAKSİ,Kartal
ZORLU CENTER TAKSİ,Beşiktaş
MEGA 2 (ADLİYE ESKİ ADI) TAKSİ BAĞCILAR,Bağcılar
KADIKÖY METRO TAKSİ,Kadıköy
KAPTAN TAKSİ,Kadıköy
GEÇİT TAKSİ DURAĞI,Büyükçekmece
MEYDAN İSTANBUL AVM TAKSİ,Ümraniye
YUNUS EMRE TAKSİ,Ümraniye
İSTANBUL DERİ ORGANİZE SANAYİİ TAKSİ,Tuzla
CİTYS NİŞANTAŞI AVM TAKSİ,Şişli
SULTANGAZİ DEVLET HASTANESİ TAKSİ,Sultangazi
Merkez Taksi durağı,Silivri
USKUMRUKÖY DÖRTYOL TAKSİ,Sarıyer
İNÖNÜ MERKEZ TAKSİ,Ataşehir
SEBA OFİS BULVAR TAKSİ,Sarıyer
KOZDERE TAKSİ,Sarıyer
VADİSTANBUL Avm içi,Sarıyer
ORUÇLAR TAKSİ,Kadıköy
ERESİN OTEL TAKSİ,Fatih
CROWN PLAZA HOTEL TAKSİ,Fatih
VIALAND AVM İÇİ,Eyüpsultan
HARAMİDERE GEÇİT TAKSİ 1,Esenyurt
TEKSTİLKENT KOZA PLAZA TAKSİ,Esenler
KOZA TAKSİ DURAĞI,Esenyurt
VİLLA TAKSİ,Çekmeköy
ERGUVAN TAKSİ,Çatalca
ALKENT TAKSİ,Büyükçekmece
ÇİÇEK TAKSİ,Beykoz
DERBENT KÜLTÜR TAKSİ,Sarıyer
SİTE TAKSİ,Beşiktaş
ALTAYÇEŞME TAKSİ-2,Maltepe
ŞEN TAKSİ-2,Kadıköy
STAR TAKSİ,Kadıköy
EVORA PARK SİTE TAKSİ,Tuzla
KARADENİZ TAKSİ,Kadıköy
OYAK SİTESİ GÜL TAKSİ,Sarıyer
SARAY TAKSİ,Kartal
BEYAZIT MEYDAN TAKSİ,Fatih
QUEEN BOMONTİ,Şişli
MEYDAN TAKSİ,Avcılar
İÇERENKÖY ANADOLU MERKEZ,Ataşehir
ÇEMBERLİTAŞ MEYDAN TAKSİ,Fatih
YENİ LEVENT MERCAN TAKSİ,Beşiktaş
TAKSİM İLK YARDIM HASTANE TAKSİ,Beyoğlu
MALL OF İSTANBUL TAKSİ,Başakşehir
KANLICA TAKSİ DURAĞI,Beykoz
SAKLIKENT ORTAKÖY TAKSİ,Beşiktaş
ÖZ KÜLTÜR TAKSİ,Beşiktaş
KARANFİL TAKSİ,Beşiktaş
GÜNER TAKSİ,Avcılar
İNCİRALTI TAKSİ,Avcılar
STEIGENBERGER TAKSİ,Bahçelievler
Öz Site 1 Taksi Durağı,Silivri
BÜYÜKÇEKMECE HASTANE TAKSİ,Büyükçekmece
MİMARSİNAN BİRLİK TAKSİ,Büyükçekmece
KARDEŞLER TAKSİ,Esenyurt
ROFO TAKSİ,Fatih
VENEZİA MEGA OUTLET TAKSİ,Gaziosmanpaşa
ÇINAR TAKSİ,Küçükçekmece
ADATEPE TELSİZ TAKSİ,Maltepe
MALTEPE 2574 ADA 53 PARSEL ÖNÜ,Maltepe
MALTEPE PARK AVM,Maltepe
METRO TAKSİ,Bağcılar
DOĞU SANAYİ TAKSİ-2,Bahçelievler
KUYUMCUKENT TAKSİ,Bahçelievler
ATAKENT TAKSİ 1,Bakırköy
SİTE TAKSİ DURAĞI,Bakırköy
AĞAOĞLU İSTANBUL TAKSİ,Başakşehir
İSPARK gençtürk cad.,Fatih
HASEKİ HASTANE TAKSİ,Fatih
İSPARK ÜSKÜDAR ACIBADEM CADDESİ,Kadıköy
"İSPARK ÇENGELKÖY YOLU, BOSNA BULVARI",Üsküdar
TUZLA AYDINLI SİTE TAKSİ,Tuzla
EMNİYET TAKSİ,Tuzla
ŞİŞLİ MERKEZ TAKSİ,Şişli
POLAT TOWER RESİDENCE TAKSİ,Şişli
MASLAK ÇARŞI TAKSİ,Sarıyer
HİZMET TAKSİ,Sancaktepe
SANCAKTEPE HASTANE TAKSİ DURAĞI baraj yolu,Sancaktepe
YENİŞEHİR MERKEZ TAKSİ,Pendik
AYDINEVLER MERKEZ TAKSİ,Maltepe
DİVAN TAKSİ,Küçükçekmece
SOĞANLIK METRO DURAĞI,Kartal
TİBAL TAKSİ,Kadıköy
TEPE NAUTİLUS TAKSİ,Kadıköy
OPTİMUM AVM ÖNÜ,Ataşehir
NUR TAKSİ,Kadıköy
KIŞLA TAKSİ,Esenler
SKYLAND TAKSİ,Sarıyer
BATIŞEHİR TAKSİ,Bağcılar
TAŞDELEN METRO,Çekmeköy
ANTPLATO TAKSİ,Küçükçekmece
MERKEZ MEYDAN TAKSİ DURAĞI,Sultanbeyli
CENGİZTOPEL TAKSİ DURAĞI,Eyüpsultan
26 TAKSİ DURAĞI,Sultangazi
METROPOL AVM TAKSİ-2,Ataşehir
YAŞAM TAKSİ DURAĞI,Beylikdüzü
MANOLYA TAKSİ,Kartal
CONCORD TAKSİ,Kadıköy
ÖZ TAKSİ DURAĞI,Zeytinburnu
5.Levent Taksi,Eyüpsultan
DİNÇER TAKSİ,Bayrampaşa
SİNANOBA TAKSİ,Büyükçekmece
OYA TAKSİ,Şişli
DİKİLİTAŞ MERKEZ TAKSİ,Beşiktaş
Fatih Bulvarı 7784 ada 6 parsel önü,Sultanbeyli
BİZİM TAKSİ,Büyükçekmece
VADİ TAKSİ,Beykoz
DURU TAKSİ DURAĞI,Kartal
İSTWEST MEYDAN TAKSİ,Bahçelievler
KARTAL STAD TAKSİ,Kartal
MARMARA EĞİTİM KÖYÜ,Maltepe
ÖZ NİŞANTAŞI TAKSİ-2,Şişli
ÜNALAN 15 TEMMUZ ŞEHİTLER TAKSİ,Üsküdar
DOĞANCILAR TAKSİ,Üsküdar
FİRUZE KONAKLARI TAKSİ DURAĞI,Avcılar
MİMAR SİNAN KİPTAŞ-2 TAKSİ,Tuzla
SAKIZAĞACI TAKSİ-1,Beyoğlu
SANTRAL TAKSİ DURAĞI-2,Kadıköy
KARADENİZ TAKSİ,Gaziosmanpaşa
TOPAĞACI TAKSİ,Şişli
İSPARK Fatih Bulvarı 8223 ada 3 parsel önü,Sultanbeyli
ETİLER BİZİM TAKSİ (4),Beşiktaş
FUAR TAKSİ,Büyükçekmece
SİLAHŞÖR TAKSİ,Şişli
İSTMARİN AVM TAKSİ,Kartal
AVCILAR HOSPİTAL TAKSİ,Avcılar
SARIYER SİTE TAKSİ,Sarıyer
ADİL TAKSİ,Sultanbeyli
ÖZ VALİDE ÇEŞME TAKSİ,Beşiktaş
İAYO SANAYİ TAKSİ,Tuzla
YENİ MASLAK 42 TAKSİ,Sarıyer
BEYAZ REZİDANS,Zeytinburnu
BOMONTİ HİLTON TAKSİ,Şişli
GÖKTÜRK MERKEZ TAKSİ-4,Eyüpsultan
AYAZMA TAKSİ,Büyükçekmece
MARMARA TAKSİ,Üsküdar
THE İSTANBUL RESIDENCE TAKSİ,Zeytinburnu
BAHÇEŞEHİR TAKSİ,Başakşehir
ALİBEYKÖY CEP OTOGARI ÖNÜ TAKSİ,Eyüpsultan
NAMIK KEMAL ÇİFTE HAVUZLAR TAKSİ,Esenler
TRENDİST TAKSİ,Ataşehir
BEYLİKDÜZÜ HASTANE TAKSİ,Büyükçekmece
DORUK TAKSİ-1,Eyüpsultan
EXSEN ELMALIKENT TAKSİ,Ümraniye
Huzur Taksi,Küçükçekmece
BHT CLINIC TAKSİ,Küçükçekmece
ÇEKMEKÖY MERKEZ TAKSİ DURAĞI,Çekmeköy
ZEYTİNBURNU DEMİRCİLER SİTE TAKSİ,Zeytinburnu
Merdivenköy Taksi,Kadıköy
CENNET YILDIZ TAKSİ,Küçükçekmece
İSTİNYE PARK TAKSİ,Sarıyer
KANDİLLİ BOĞAZİÇİ TAKSİ,Üsküdar
ÇAMLICA KULE,Üsküdar
TURGUT REİS TAKSİ DURAĞI,Esenler
SEKMEN TAKSİ-2,Kartal
GÜLLÜBAĞLAR TAKSİ,Pendik
GALATAPORT 2 TAKSİ,Beyoğlu
HİLAL TAKSİ-1,Pendik
PANGALTI MEYDAN TAKSİ,Şişli
GALATAPORT 1 TAKSİ,Beyoğlu
KİPTAŞ KONUTLARI TUNA TAKSİ,Bayrampaşa
OTOGAR TAKSİ,Bayrampaşa
EGM TAKSİ DURAĞI TAŞIMACILIK TURİZM LOJİSTİK LİMİTED ŞİRKETİ,Bakırköy
PELİKAN MALL TAKSİ,Avcılar
KUŞDİLİ UMUMA AÇIK TAKSİ DURAK YERİ,Kadıköy
BİZİM TAKSİ,Başakşehir
SÖĞÜTLÜ ÇEŞME UMUMA AÇIK TAKSİ DURAĞI,Kadıköy
